length,length_lcc,coverage,directness,directness_lcc,poi_coverage,components,overlap_biketrack,overlap_bikeable,efficiency_global,efficiency_local
107.21486340093522,107.21486340093522,71.80982893630117,0.47225592073093015,0.47225592073093015,39,1,54.42590619779729,55.295583958926876,0.470878572546018,0.0
