length,length_lcc,coverage,directness,directness_lcc,poi_coverage,components,overlap_biketrack,overlap_bikeable,efficiency_global,efficiency_local
106.64130784732004,106.64130784732004,70.37389856967643,0.4851565030130987,0.4851565030130987,38,1,50.9154902830519,51.362933378779445,0.4727431990480149,0.0
