length,length_lcc,coverage,directness,directness_lcc,poi_coverage,components,overlap_biketrack,overlap_bikeable,efficiency_global,efficiency_local
98.17517098740387,98.17517098740387,58.061175109112924,0.47210923295338486,0.47210923295338486,75,1,52.447255527225316,53.566125364408684,0.4649579933016438,0.0
