network,length,length_lcc,coverage,directness,directness_lcc,poi_coverage,components,efficiency_global,efficiency_local
bikeable,658.8515500212202,443.920138325975,117.85674971199738,0.708412670763015,0.7007531342115113,35,283,0.3770057045379083,0.1936144033476882
biketrack,554.2401443582285,406.443011979877,116.05665299483168,0.7015800991493283,0.6948355008525968,34,199,0.41198701105699514,0.2071458405841499
biketrackcarall,1779.2550442263698,1770.3968421900418,122.47820025991052,0.8212432499935048,0.8396953552000558,35,49,0.776559865126313,0.1228829370739592
carall,1604.3649516233154,1604.3649516233154,119.1564162743267,0.8194998903124705,0.8194998903124705,35,1,0.7801196074434708,0.11478790929221358
