length,length_lcc,coverage,directness,directness_lcc,poi_coverage,components,overlap_biketrack,overlap_bikeable,efficiency_global,efficiency_local
101.29108403046351,101.29108403046351,65.7138141590969,0.46033798544642673,0.46033798544642673,36,1,0.4667613241003144,0.48258775074183585,0.3984017697121569,0.0
