network,length,length_lcc,coverage,directness,directness_lcc,poi_coverage,components,efficiency_global,efficiency_local
bikeable,750.4912026052857,642.8114891527216,119.03496058502456,0.6806071869233719,0.676766663849055,35,295,0.4052202842955076,0.17890144813768621
bikeable_offstreet,325.20295260596424,39.615643601777016,113.7945124468463,0.6455413784656394,0.5708521158854729,34,445,0.17832579722822878,0.11903457851833522
biketrack,645.8797969422925,579.433780392165,117.96861487662119,0.6900771020978718,0.674928508061966,35,221,0.4551681175208984,0.1946956615652224
biketrack_onstreet,384.8139128175862,282.40355226687205,102.80640003082097,0.6206775567267995,0.6222616495584117,33,76,0.3183538907889524,0.3252761165328183
biketrackcarall,1865.430835748036,1859.8847991496737,123.0372877495525,0.8311173150297347,0.8357610341870211,35,47,0.7977039937680325,0.09618716664253758
carall,1604.3649516233154,1604.3649516233154,119.1564162743267,0.8168542260761155,0.8168542260761155,35,1,0.7751112613133577,0.09934997011025654
