length,length_lcc,coverage,directness,directness_lcc,poi_coverage,components,overlap_biketrack,overlap_bikeable,efficiency_global,efficiency_local
96.28547600583563,96.28547600583563,57.416027419638624,0.47306876917113944,0.47306876917113944,76,1,0.538462734569395,0.550725952431254,0.45908016374255173,0.0
