length,coverage,directness,poi_coverage,components,efficiency_global,efficiency_local
151.80939189157024,83.1380564919992,0.4946189177055937,282,1,0.5007478054026133,0.0
