network,length,length_lcc,coverage,directness,directness_lcc,poi_coverage,components,efficiency_global,efficiency_local
bikeable,95.36683020084995,12.80341804274738,30.457654887523507,0.728755459251585,0.6470858610800788,2,80,0.378755916967861,0.10570968720269672
biketrack,27.782731622313637,5.647340998293845,21.74502000739058,0.8800265933606072,0.8796499075744519,2,38,0.6265685061463159,0.0
biketrackcarall,391.17871692744444,384.1450290946708,39.91014145208923,0.7305727418101121,0.7377008442127747,2,15,0.6492339698016937,0.07862038646255891
carall,363.7454929799928,360.3782088124243,39.525909487369255,0.7134731095490636,0.7139291180127573,2,8,0.6630156691932796,0.09045353746371837
