length,coverage,directness,poi_coverage,components,efficiency_global,efficiency_local
26.38010142221667,18.2217581391409,0.5249745626371369,10,1,0.5193065107801002,0.0
