network,components,coverage,directness,length,poi_coverage,efficiency_global,efficiency_local
bikeable,80,30.457654887523507,0.719869315858358,95.36683020084995,2,0.35626837917873155,0.11087647978858024
biketrack,38,21.74502000739058,0.8817067825213158,27.782731622313637,2,0.6265685061463159,0.0
biketrackcarall,15,39.91014145208923,0.7414249366136816,391.17871692744444,2,0.6667780436384685,0.08793046763003921
carall,8,39.525909487369255,0.7202711343676074,363.7454929799928,2,0.6563915049947556,0.08571709996627644
