length,length_lcc,coverage,directness,directness_lcc,poi_coverage,components,overlap_biketrack,overlap_bikeable,efficiency_global,efficiency_local
26.66404862747342,26.66404862747342,18.267799710573826,0.43971670612829733,0.43971670612829733,10,1,0,5.104528881297266,0.4999540674254266,0.0
